ts_code,trade_time,open,close,high,low,vol,amount,trade_date,pre_close
002594.SZ,2023-07-12 15:00:00,265.61,265.61,265.61,265.61,140405.0,37292972.05,20230712,265.04
002594.SZ,2023-07-12 14:59:00,265.04,265.04,265.04,265.04,0.0,0.0,20230712,265.04
002594.SZ,2023-07-12 14:58:00,265.04,265.04,265.04,265.04,0.0,0.0,20230712,265.04
002594.SZ,2023-07-12 14:57:00,265.05,265.04,265.1,265.04,65997.0,17492546.79,20230712,265.15
002594.SZ,2023-07-12 14:56:00,265.01,265.15,265.18,265.01,42203.0,11185939.15,20230712,265.01
002594.SZ,2023-07-12 14:55:00,264.96,265.01,265.01,264.96,51300.0,13593418.0,20230712,264.96
002594.SZ,2023-07-12 14:54:00,264.9,264.96,265.01,264.9,55400.0,14680072.0,20230712,264.93
002594.SZ,2023-07-12 14:53:00,264.78,264.93,264.93,264.74,39100.0,10355345.0,20230712,264.73
002594.SZ,2023-07-12 14:52:00,264.7,264.73,264.73,264.7,52200.0,13818493.0,20230712,264.71
002594.SZ,2023-07-12 14:51:00,264.9,264.71,264.9,264.66,112900.0,29891572.0,20230712,264.91
002594.SZ,2023-07-12 14:50:00,265.01,264.91,265.05,264.86,75300.0,19952196.0,20230712,265.08
002594.SZ,2023-07-12 14:49:00,265.06,265.08,265.1,265.01,53800.0,14259621.0,20230712,265.15
002594.SZ,2023-07-12 14:48:00,265.1,265.15,265.15,265.07,25800.0,6839890.0,20230712,265.1
002594.SZ,2023-07-12 14:47:00,265.11,265.1,265.11,265.05,31700.0,8403146.0,20230712,265.11
002594.SZ,2023-07-12 14:46:00,265.23,265.11,265.3,265.05,29100.0,7716039.0,20230712,265.19
002594.SZ,2023-07-12 14:45:00,265.0,265.19,265.19,265.0,15500.0,4108765.0,20230712,265.0
002594.SZ,2023-07-12 14:44:00,264.88,265.0,265.0,264.85,58200.0,15416695.0,20230712,264.88
002594.SZ,2023-07-12 14:43:00,264.93,264.88,265.0,264.85,63100.0,16712690.0,20230712,265.0
002594.SZ,2023-07-12 14:42:00,265.22,265.0,265.25,264.95,137600.0,36468648.0,20230712,265.22
002594.SZ,2023-07-12 14:41:00,265.22,265.22,265.26,265.19,19300.0,5118516.0,20230712,265.2
002594.SZ,2023-07-12 14:40:00,265.07,265.2,265.2,265.02,36397.0,9648240.18,20230712,265.03
002594.SZ,2023-07-12 14:39:00,265.17,265.03,265.17,265.0,37400.0,9912951.0,20230712,265.15
002594.SZ,2023-07-12 14:38:00,265.57,265.15,265.57,265.15,99500.0,26408576.0,20230712,265.58
002594.SZ,2023-07-12 14:37:00,265.59,265.58,265.66,265.58,42400.0,11261411.0,20230712,265.58
002594.SZ,2023-07-12 14:36:00,265.68,265.58,265.68,265.58,25100.0,6666918.0,20230712,265.69
002594.SZ,2023-07-12 14:35:00,265.7,265.69,265.72,265.62,12600.0,3347386.0,20230712,265.61
002594.SZ,2023-07-12 14:34:00,265.56,265.61,265.72,265.54,17000.0,4514547.0,20230712,265.56
002594.SZ,2023-07-12 14:33:00,265.88,265.56,265.88,265.56,55900.0,14856095.0,20230712,265.87
002594.SZ,2023-07-12 14:32:00,265.86,265.87,265.87,265.85,16400.0,4360189.0,20230712,265.86
002594.SZ,2023-07-12 14:31:00,265.89,265.86,265.89,265.8,15900.0,4227114.0,20230712,265.89
002594.SZ,2023-07-12 14:30:00,265.79,265.89,265.89,265.79,17300.0,4598634.0,20230712,265.8
002594.SZ,2023-07-12 14:29:00,265.78,265.8,265.8,265.76,12500.0,3322301.0,20230712,265.79
002594.SZ,2023-07-12 14:28:00,265.78,265.79,265.79,265.7,10400.0,2763895.0,20230712,265.78
002594.SZ,2023-07-12 14:27:00,265.73,265.78,265.78,265.6,15700.0,4171458.0,20230712,265.75
002594.SZ,2023-07-12 14:26:00,265.8,265.75,265.8,265.75,16400.0,4358796.0,20230712,265.8
002594.SZ,2023-07-12 14:25:00,265.7,265.8,265.8,265.7,13800.0,3667275.0,20230712,265.7
002594.SZ,2023-07-12 14:24:00,265.59,265.7,265.7,265.58,13800.0,3665363.0,20230712,265.6
002594.SZ,2023-07-12 14:23:00,265.55,265.6,265.6,265.53,11000.0,2921072.0,20230712,265.55
002594.SZ,2023-07-12 14:22:00,265.66,265.55,265.67,265.55,20300.0,5392142.0,20230712,265.68
002594.SZ,2023-07-12 14:21:00,265.76,265.68,265.77,265.67,13300.0,3533985.0,20230712,265.77
002594.SZ,2023-07-12 14:20:00,265.78,265.77,265.8,265.76,13300.0,3534871.0,20230712,265.78
002594.SZ,2023-07-12 14:19:00,265.78,265.78,265.8,265.75,13200.0,3508181.0,20230712,265.78
002594.SZ,2023-07-12 14:18:00,265.8,265.78,265.8,265.76,11200.0,2976746.0,20230712,265.79
002594.SZ,2023-07-12 14:17:00,265.88,265.79,265.88,265.79,15400.0,4093675.0,20230712,265.88
002594.SZ,2023-07-12 14:16:00,265.92,265.88,265.92,265.88,17700.0,4706513.0,20230712,265.93
002594.SZ,2023-07-12 14:15:00,265.95,265.93,265.98,265.93,14000.0,3723299.0,20230712,265.94
002594.SZ,2023-07-12 14:14:00,265.95,265.94,265.96,265.94,16800.0,4468002.0,20230712,265.95
002594.SZ,2023-07-12 14:13:00,265.99,265.95,265.99,265.93,8501.0,2260978.93,20230712,265.98
002594.SZ,2023-07-12 14:12:00,265.92,265.98,266.0,265.92,9000.0,2393891.0,20230712,265.99
002594.SZ,2023-07-12 14:11:00,266.0,265.99,266.0,265.9,17700.0,4707617.0,20230712,266.0
002594.SZ,2023-07-12 14:10:00,266.03,266.0,266.16,265.89,33200.0,8831404.0,20230712,266.06
002594.SZ,2023-07-12 14:09:00,265.98,266.06,266.06,265.96,30700.0,8165609.0,20230712,265.94
002594.SZ,2023-07-12 14:08:00,265.79,265.94,265.96,265.79,17600.0,4679648.0,20230712,265.79
002594.SZ,2023-07-12 14:07:00,265.65,265.79,265.79,265.65,15200.0,4038640.0,20230712,265.65
002594.SZ,2023-07-12 14:06:00,265.55,265.65,265.78,265.53,44388.0,11789285.02,20230712,265.52
002594.SZ,2023-07-12 14:05:00,265.5,265.52,265.52,265.49,19900.0,5283518.0,20230712,265.49
002594.SZ,2023-07-12 14:04:00,265.46,265.49,265.5,265.46,8200.0,2176991.0,20230712,265.5
002594.SZ,2023-07-12 14:03:00,265.49,265.5,265.52,265.45,14900.0,3955685.0,20230712,265.49
002594.SZ,2023-07-12 14:02:00,265.59,265.49,265.59,265.49,32600.0,8656114.0,20230712,265.59
002594.SZ,2023-07-12 14:01:00,265.56,265.59,265.59,265.56,14700.0,3903932.7,20230712,265.58
002594.SZ,2023-07-12 14:00:00,265.58,265.58,265.58,265.55,23600.0,6267222.0,20230712,265.59
002594.SZ,2023-07-12 13:59:00,265.59,265.59,265.6,265.55,17400.0,4621277.0,20230712,265.59
002594.SZ,2023-07-12 13:58:00,265.59,265.59,265.59,265.57,19700.0,5231810.0,20230712,265.6
002594.SZ,2023-07-12 13:57:00,265.6,265.6,265.6,265.52,17200.0,4568029.0,20230712,265.56
002594.SZ,2023-07-12 13:56:00,265.67,265.56,265.68,265.56,15300.0,4064168.0,20230712,265.67
002594.SZ,2023-07-12 13:55:00,265.7,265.67,265.71,265.6,18000.0,4781961.0,20230712,265.69
002594.SZ,2023-07-12 13:54:00,265.62,265.69,265.69,265.61,24900.0,6614102.0,20230712,265.56
002594.SZ,2023-07-12 13:53:00,265.46,265.56,265.6,265.46,37200.0,9876776.0,20230712,265.55
002594.SZ,2023-07-12 13:52:00,265.36,265.55,265.55,265.36,16200.0,4300404.0,20230712,265.34
002594.SZ,2023-07-12 13:51:00,265.25,265.34,265.34,265.22,28600.0,7586377.0,20230712,265.25
002594.SZ,2023-07-12 13:50:00,265.26,265.25,265.26,265.19,37000.0,9812894.0,20230712,265.21
002594.SZ,2023-07-12 13:49:00,265.05,265.21,265.26,265.05,39185.0,10389663.25,20230712,265.03
002594.SZ,2023-07-12 13:48:00,264.8,265.03,265.03,264.8,40000.0,10596709.0,20230712,264.8
002594.SZ,2023-07-12 13:47:00,264.99,264.8,264.99,264.71,53000.0,14036494.0,20230712,265.0
002594.SZ,2023-07-12 13:46:00,265.01,265.0,265.02,265.0,60900.0,16138891.0,20230712,265.0
002594.SZ,2023-07-12 13:45:00,265.03,265.0,265.04,265.0,212600.0,56340495.0,20230712,265.02
002594.SZ,2023-07-12 13:44:00,265.14,265.02,265.14,265.0,118100.0,31301947.0,20230712,265.13
002594.SZ,2023-07-12 13:43:00,265.79,265.13,265.8,265.13,152900.0,40605193.0,20230712,265.79
002594.SZ,2023-07-12 13:42:00,265.76,265.79,265.79,265.76,27700.0,7361922.0,20230712,265.76
002594.SZ,2023-07-12 13:41:00,265.61,265.76,265.76,265.61,61000.0,16208031.0,20230712,265.66
002594.SZ,2023-07-12 13:40:00,265.9,265.66,265.9,265.6,50700.0,13474231.0,20230712,265.88
002594.SZ,2023-07-12 13:39:00,266.05,265.88,266.05,265.88,139300.0,37053171.0,20230712,266.04
002594.SZ,2023-07-12 13:38:00,266.07,266.04,266.07,266.01,33300.0,8859080.0,20230712,266.07
002594.SZ,2023-07-12 13:37:00,266.2,266.07,266.2,266.07,35500.0,9447470.0,20230712,266.19
002594.SZ,2023-07-12 13:36:00,266.22,266.19,266.22,266.16,30000.0,7985809.0,20230712,266.2
002594.SZ,2023-07-12 13:35:00,266.28,266.2,266.28,266.19,23200.0,6176002.0,20230712,266.27
002594.SZ,2023-07-12 13:34:00,266.34,266.27,266.37,266.27,41400.0,11025858.0,20230712,266.33
002594.SZ,2023-07-12 13:33:00,266.32,266.33,266.34,266.31,20000.0,5326375.0,20230712,266.31
002594.SZ,2023-07-12 13:32:00,266.33,266.31,266.41,266.2,49100.0,13074550.0,20230712,266.38
002594.SZ,2023-07-12 13:31:00,266.71,266.38,266.71,266.38,83400.0,22230439.0,20230712,266.7
002594.SZ,2023-07-12 13:30:00,266.76,266.7,266.8,266.67,54300.0,14482305.0,20230712,266.77
002594.SZ,2023-07-12 13:29:00,266.61,266.77,266.77,266.61,34900.0,9306949.0,20230712,266.61
002594.SZ,2023-07-12 13:28:00,266.65,266.61,266.65,266.58,34200.0,9117857.0,20230712,266.63
002594.SZ,2023-07-12 13:27:00,266.68,266.63,266.72,266.6,50700.0,13519157.0,20230712,266.71
002594.SZ,2023-07-12 13:26:00,266.81,266.71,266.81,266.68,29500.0,7869580.0,20230712,266.8
002594.SZ,2023-07-12 13:25:00,267.12,266.8,267.12,266.8,46000.0,12279875.0,20230712,267.12
002594.SZ,2023-07-12 13:24:00,267.18,267.12,267.2,267.12,39700.0,10606794.0,20230712,267.17
002594.SZ,2023-07-12 13:23:00,267.07,267.17,267.18,267.07,36300.0,9696164.0,20230712,267.02
002594.SZ,2023-07-12 13:22:00,267.07,267.02,267.07,266.98,123200.0,32895530.0,20230712,267.08
002594.SZ,2023-07-12 13:21:00,267.28,267.08,267.28,267.03,25100.0,6705706.0,20230712,267.28
002594.SZ,2023-07-12 13:20:00,267.4,267.28,267.41,267.28,22400.0,5989116.0,20230712,267.4
002594.SZ,2023-07-12 13:19:00,267.56,267.4,267.57,267.38,29700.0,7945486.0,20230712,267.57
002594.SZ,2023-07-12 13:18:00,267.54,267.57,267.57,267.54,26400.0,7063366.0,20230712,267.64
002594.SZ,2023-07-12 13:17:00,267.71,267.64,267.74,267.4,85500.0,22874449.0,20230712,267.7
002594.SZ,2023-07-12 13:16:00,267.7,267.7,267.7,267.6,27055.0,7241686.1,20230712,267.75
002594.SZ,2023-07-12 13:15:00,267.87,267.75,267.87,267.67,20300.0,5435811.0,20230712,267.79
002594.SZ,2023-07-12 13:14:00,267.66,267.79,267.87,267.66,12300.0,3293268.0,20230712,267.7
002594.SZ,2023-07-12 13:13:00,267.68,267.7,267.7,267.67,11200.0,2997983.0,20230712,267.68
002594.SZ,2023-07-12 13:12:00,267.68,267.68,267.72,267.66,10000.0,2676791.0,20230712,267.66
002594.SZ,2023-07-12 13:11:00,267.74,267.66,267.74,267.61,17000.0,4550230.0,20230712,267.74
002594.SZ,2023-07-12 13:10:00,267.9,267.74,267.98,267.66,15800.0,4231964.0,20230712,267.88
002594.SZ,2023-07-12 13:09:00,267.79,267.88,267.89,267.67,16000.0,4284522.0,20230712,267.71
002594.SZ,2023-07-12 13:08:00,267.6,267.71,267.71,267.59,14210.0,3802986.5,20230712,267.57
002594.SZ,2023-07-12 13:07:00,267.59,267.57,267.64,267.56,16000.0,4281456.0,20230712,267.64
002594.SZ,2023-07-12 13:06:00,267.63,267.64,267.64,267.57,13600.0,3639334.0,20230712,267.62
002594.SZ,2023-07-12 13:05:00,267.66,267.62,267.66,267.62,7900.0,2114423.0,20230712,267.66
002594.SZ,2023-07-12 13:04:00,267.58,267.66,267.72,267.53,21700.0,5807351.0,20230712,267.57
002594.SZ,2023-07-12 13:03:00,267.72,267.57,267.72,267.57,20500.0,5486165.0,20230712,267.65
002594.SZ,2023-07-12 13:02:00,267.68,267.65,267.72,267.65,17200.0,4603792.0,20230712,267.68
002594.SZ,2023-07-12 13:01:00,267.92,267.68,267.92,267.68,42001.0,11250744.84,20230712,268.19
002594.SZ,2023-07-12 11:30:00,268.2,268.19,268.2,268.0,8400.0,2252126.0,20230712,268.2
002594.SZ,2023-07-12 11:29:00,268.4,268.2,268.47,268.0,11400.0,3057784.0,20230712,268.08
002594.SZ,2023-07-12 11:28:00,267.75,268.08,268.08,267.74,46900.0,12558863.0,20230712,267.75
002594.SZ,2023-07-12 11:27:00,267.72,267.75,267.75,267.72,31000.0,8300097.0,20230712,267.72
002594.SZ,2023-07-12 11:26:00,267.71,267.72,267.75,267.71,14213.0,3805306.23,20230712,267.71
002594.SZ,2023-07-12 11:25:00,267.88,267.71,267.88,267.7,21900.0,5863061.0,20230712,267.88
002594.SZ,2023-07-12 11:24:00,267.97,267.88,267.97,267.73,22200.0,5945501.0,20230712,267.97
002594.SZ,2023-07-12 11:23:00,267.71,267.97,267.99,267.71,15200.0,4070664.0,20230712,267.71
002594.SZ,2023-07-12 11:22:00,267.6,267.71,267.71,267.59,9300.0,2489098.0,20230712,267.6
002594.SZ,2023-07-12 11:21:00,267.58,267.6,267.6,267.56,22400.0,5993818.0,20230712,267.6
002594.SZ,2023-07-12 11:20:00,267.6,267.6,267.68,267.58,20200.0,5405522.0,20230712,267.57
002594.SZ,2023-07-12 11:19:00,267.71,267.57,267.71,267.57,28500.0,7627868.0,20230712,267.7
002594.SZ,2023-07-12 11:18:00,267.74,267.7,267.79,267.68,25400.0,6800070.0,20230712,267.7
002594.SZ,2023-07-12 11:17:00,267.78,267.7,267.79,267.7,21200.0,5676549.0,20230712,267.78
002594.SZ,2023-07-12 11:16:00,267.81,267.78,267.83,267.77,29600.0,7926793.0,20230712,267.8
002594.SZ,2023-07-12 11:15:00,268.25,267.8,268.25,267.78,38200.0,10232271.0,20230712,267.85
002594.SZ,2023-07-12 11:14:00,268.03,267.85,268.06,267.8,71600.0,19183888.0,20230712,268.08
002594.SZ,2023-07-12 11:13:00,268.21,268.08,268.21,268.02,11800.0,3163679.0,20230712,268.12
002594.SZ,2023-07-12 11:12:00,268.34,268.12,268.44,268.09,11800.0,3165335.0,20230712,268.34
002594.SZ,2023-07-12 11:11:00,268.5,268.34,268.5,268.11,19100.0,5125369.0,20230712,268.51
002594.SZ,2023-07-12 11:10:00,268.75,268.51,268.75,268.51,6300.0,1692197.0,20230712,268.75
002594.SZ,2023-07-12 11:09:00,268.51,268.75,268.8,268.5,10600.0,2847061.0,20230712,268.51
002594.SZ,2023-07-12 11:08:00,268.51,268.51,268.61,268.5,13200.0,3544723.0,20230712,268.61
002594.SZ,2023-07-12 11:07:00,268.5,268.61,268.61,268.5,4900.0,1316073.0,20230712,268.61
002594.SZ,2023-07-12 11:06:00,268.8,268.61,268.8,268.5,9900.0,2659037.0,20230712,268.8
002594.SZ,2023-07-12 11:05:00,268.93,268.8,268.93,268.75,11500.0,3092222.0,20230712,268.98
002594.SZ,2023-07-12 11:04:00,268.98,268.98,269.0,268.98,19000.0,5110639.0,20230712,268.98
002594.SZ,2023-07-12 11:03:00,268.53,268.98,268.98,268.53,29000.0,7793277.0,20230712,268.64
002594.SZ,2023-07-12 11:02:00,268.66,268.64,268.66,268.5,5900.0,1584769.0,20230712,268.66
002594.SZ,2023-07-12 11:01:00,268.58,268.66,268.68,268.45,10600.0,2846766.0,20230712,268.68
002594.SZ,2023-07-12 11:00:00,268.6,268.68,268.75,268.6,12700.0,3412411.0,20230712,268.7
002594.SZ,2023-07-12 10:59:00,268.06,268.7,268.98,268.03,35300.0,9474512.0,20230712,268.06
002594.SZ,2023-07-12 10:58:00,268.29,268.06,268.29,268.06,6800.0,1823098.0,20230712,268.07
002594.SZ,2023-07-12 10:57:00,268.28,268.07,268.3,268.07,12800.0,3434123.0,20230712,268.28
002594.SZ,2023-07-12 10:56:00,268.0,268.28,268.3,267.91,33600.0,9009302.0,20230712,268.0
002594.SZ,2023-07-12 10:55:00,267.95,268.0,268.3,267.95,39000.0,10456928.0,20230712,267.95
002594.SZ,2023-07-12 10:54:00,267.92,267.95,267.95,267.9,28100.0,7528780.0,20230712,267.9
002594.SZ,2023-07-12 10:53:00,267.9,267.9,268.0,267.89,27200.0,7287344.0,20230712,267.95
002594.SZ,2023-07-12 10:52:00,268.12,267.95,268.28,267.89,67700.0,18147162.0,20230712,268.12
002594.SZ,2023-07-12 10:51:00,268.38,268.12,268.38,268.12,18500.0,4963059.0,20230712,268.4
002594.SZ,2023-07-12 10:50:00,268.38,268.4,268.4,268.37,6700.0,1798193.0,20230712,268.39
002594.SZ,2023-07-12 10:49:00,268.49,268.39,268.49,268.39,9900.0,2657560.0,20230712,268.49
002594.SZ,2023-07-12 10:48:00,268.4,268.49,268.49,268.37,9600.0,2576899.0,20230712,268.37
002594.SZ,2023-07-12 10:47:00,268.16,268.37,268.37,268.14,22100.0,5927260.0,20230712,268.15
002594.SZ,2023-07-12 10:46:00,268.31,268.15,268.31,268.14,19500.0,5230669.0,20230712,268.31
002594.SZ,2023-07-12 10:45:00,268.26,268.31,268.32,268.26,10500.0,2817195.0,20230712,268.26
002594.SZ,2023-07-12 10:44:00,268.15,268.26,268.26,268.15,18200.0,4881986.0,20230712,268.15
002594.SZ,2023-07-12 10:43:00,268.09,268.15,268.18,268.09,16700.0,4477632.0,20230712,268.1
002594.SZ,2023-07-12 10:42:00,268.01,268.1,268.11,268.0,35600.0,9541945.0,20230712,268.11
002594.SZ,2023-07-12 10:41:00,268.31,268.11,268.31,268.0,88700.0,23778801.0,20230712,268.32
002594.SZ,2023-07-12 10:40:00,268.6,268.32,268.6,268.3,54200.0,14551926.0,20230712,268.59
002594.SZ,2023-07-12 10:39:00,268.61,268.59,268.64,268.57,21400.0,5748170.0,20230712,268.65
002594.SZ,2023-07-12 10:38:00,268.66,268.65,268.72,268.6,15300.0,4110513.0,20230712,268.7
002594.SZ,2023-07-12 10:37:00,269.03,268.7,269.03,268.7,12300.0,3306927.0,20230712,269.03
002594.SZ,2023-07-12 10:36:00,269.0,269.03,269.1,268.99,13600.0,3658768.0,20230712,269.05
002594.SZ,2023-07-12 10:35:00,268.72,269.05,269.2,268.72,30600.0,8229940.0,20230712,268.67
002594.SZ,2023-07-12 10:34:00,268.59,268.67,268.7,268.59,30700.0,8247347.0,20230712,268.59
002594.SZ,2023-07-12 10:33:00,268.72,268.59,268.73,268.59,20900.0,5615648.0,20230712,268.73
002594.SZ,2023-07-12 10:32:00,268.67,268.73,268.8,268.62,19400.0,5213450.0,20230712,268.71
002594.SZ,2023-07-12 10:31:00,269.1,268.71,269.1,268.7,22000.0,5917205.0,20230712,269.0
002594.SZ,2023-07-12 10:30:00,268.5,269.0,269.0,268.5,41663.0,11195419.5,20230712,268.6
002594.SZ,2023-07-12 10:29:00,268.61,268.6,268.62,268.5,44100.0,11844253.0,20230712,268.61
002594.SZ,2023-07-12 10:28:00,268.7,268.61,268.7,268.6,28000.0,7521960.0,20230712,268.7
002594.SZ,2023-07-12 10:27:00,268.96,268.7,268.98,268.7,63800.0,17158283.0,20230712,269.13
002594.SZ,2023-07-12 10:26:00,269.12,269.13,269.18,269.1,7200.0,1937877.0,20230712,269.18
002594.SZ,2023-07-12 10:25:00,269.3,269.18,269.32,269.18,11500.0,3096255.0,20230712,269.32
002594.SZ,2023-07-12 10:24:00,269.43,269.32,269.5,269.3,18700.0,5038140.0,20230712,269.48
002594.SZ,2023-07-12 10:23:00,269.39,269.48,269.5,269.36,24300.0,6547337.0,20230712,269.28
002594.SZ,2023-07-12 10:22:00,269.6,269.28,269.6,269.28,17900.0,4824138.0,20230712,269.59
002594.SZ,2023-07-12 10:21:00,269.4,269.59,269.65,269.21,15500.0,4176780.0,20230712,269.4
002594.SZ,2023-07-12 10:20:00,269.51,269.4,269.59,269.38,20300.0,5470674.0,20230712,269.51
002594.SZ,2023-07-12 10:19:00,269.21,269.51,269.51,269.2,30500.0,8214916.0,20230712,269.21
002594.SZ,2023-07-12 10:18:00,269.03,269.21,269.28,269.01,34500.0,9282267.7,20230712,269.03
002594.SZ,2023-07-12 10:17:00,269.15,269.03,269.22,269.03,13700.0,3687115.0,20230712,269.25
002594.SZ,2023-07-12 10:16:00,269.28,269.25,269.28,269.03,22800.0,6136064.0,20230712,269.2
002594.SZ,2023-07-12 10:15:00,269.47,269.2,269.47,269.2,21600.0,5816713.0,20230712,269.36
002594.SZ,2023-07-12 10:14:00,269.48,269.36,269.52,269.34,32900.0,8864132.0,20230712,269.48
002594.SZ,2023-07-12 10:13:00,269.49,269.48,269.49,269.33,10600.0,2856218.0,20230712,269.33
002594.SZ,2023-07-12 10:12:00,269.69,269.33,269.7,269.31,17200.0,4635785.0,20230712,269.69
002594.SZ,2023-07-12 10:11:00,269.03,269.69,269.69,269.0,38916.0,10476074.48,20230712,269.09
002594.SZ,2023-07-12 10:10:00,269.32,269.09,269.32,269.06,60300.0,16236588.0,20230712,269.35
002594.SZ,2023-07-12 10:09:00,269.26,269.35,269.38,269.23,21100.0,5681923.0,20230712,269.26
002594.SZ,2023-07-12 10:08:00,269.5,269.26,269.5,269.2,23800.0,6410805.0,20230712,269.64
002594.SZ,2023-07-12 10:07:00,269.58,269.64,269.7,269.58,26700.0,7198539.0,20230712,269.58
002594.SZ,2023-07-12 10:06:00,269.41,269.58,269.63,269.41,21700.0,5850834.0,20230712,269.6
002594.SZ,2023-07-12 10:05:00,269.12,269.6,269.6,269.05,27100.0,7296355.0,20230712,269.12
002594.SZ,2023-07-12 10:04:00,269.37,269.12,269.37,269.11,30400.0,8186449.0,20230712,269.3
002594.SZ,2023-07-12 10:03:00,269.15,269.3,269.46,269.13,24400.0,6572067.0,20230712,269.03
002594.SZ,2023-07-12 10:02:00,268.95,269.03,269.13,268.95,46500.0,12509438.0,20230712,268.98
002594.SZ,2023-07-12 10:01:00,268.99,268.98,268.99,268.88,47000.0,12640862.0,20230712,269.0
002594.SZ,2023-07-12 10:00:00,269.47,269.0,269.49,269.0,56500.0,15208181.0,20230712,269.48
002594.SZ,2023-07-12 09:59:00,269.32,269.48,269.48,269.3,11200.0,3016993.0,20230712,269.4
002594.SZ,2023-07-12 09:58:00,269.3,269.4,269.4,269.21,30100.0,8105558.0,20230712,269.3
002594.SZ,2023-07-12 09:57:00,269.58,269.3,269.58,269.23,16200.0,4364137.0,20230712,269.59
002594.SZ,2023-07-12 09:56:00,269.58,269.59,269.79,269.58,42900.0,11566613.0,20230712,269.57
002594.SZ,2023-07-12 09:55:00,269.8,269.57,269.8,269.41,27100.0,7305612.0,20230712,269.83
002594.SZ,2023-07-12 09:54:00,269.06,269.83,269.91,268.95,32000.0,8618202.0,20230712,268.95
002594.SZ,2023-07-12 09:53:00,269.18,268.95,269.3,268.66,137000.0,36852031.0,20230712,269.3
002594.SZ,2023-07-12 09:52:00,269.5,269.3,269.52,269.2,80500.0,21677377.0,20230712,269.42
002594.SZ,2023-07-12 09:51:00,270.38,269.42,270.38,269.38,77800.0,20982199.0,20230712,270.41
002594.SZ,2023-07-12 09:50:00,270.39,270.41,270.52,270.2,74900.0,20253686.0,20230712,270.2
002594.SZ,2023-07-12 09:49:00,270.75,270.2,270.75,270.12,34700.0,9385759.0,20230712,270.75
002594.SZ,2023-07-12 09:48:00,271.0,270.75,271.15,270.7,114100.0,30916521.0,20230712,271.0
002594.SZ,2023-07-12 09:47:00,270.85,271.0,271.0,270.69,80100.0,21699467.0,20230712,270.85
002594.SZ,2023-07-12 09:46:00,270.75,270.85,270.9,270.7,75700.0,20502164.0,20230712,270.69
002594.SZ,2023-07-12 09:45:00,270.0,270.69,270.69,270.0,54605.0,14761400.5,20230712,269.9
002594.SZ,2023-07-12 09:44:00,269.98,269.9,270.0,269.81,41584.0,11225960.8,20230712,269.95
002594.SZ,2023-07-12 09:43:00,269.86,269.95,270.24,269.83,98016.0,26467241.2,20230712,269.67
002594.SZ,2023-07-12 09:42:00,268.94,269.67,269.67,268.94,81800.0,22017547.0,20230712,269.01
002594.SZ,2023-07-12 09:41:00,269.5,269.01,269.5,269.01,41500.0,11178653.0,20230712,269.56
002594.SZ,2023-07-12 09:40:00,269.96,269.56,270.0,269.56,106870.0,28838935.3,20230712,269.94
002594.SZ,2023-07-12 09:39:00,269.6,269.94,269.94,269.6,47430.0,12790668.7,20230712,269.6
002594.SZ,2023-07-12 09:38:00,269.75,269.6,269.75,269.31,69870.0,18837908.4,20230712,269.79
002594.SZ,2023-07-12 09:37:00,269.91,269.79,269.91,269.3,47373.0,12769830.74,20230712,269.81
002594.SZ,2023-07-12 09:36:00,270.0,269.81,270.0,269.81,61600.0,16627052.0,20230712,270.0
002594.SZ,2023-07-12 09:35:00,270.41,270.0,270.46,269.89,60800.0,16429386.0,20230712,270.45
002594.SZ,2023-07-12 09:34:00,269.82,270.45,270.45,269.5,87113.0,23497232.45,20230712,269.6
002594.SZ,2023-07-12 09:33:00,269.16,269.6,269.87,269.16,60400.0,16275484.0,20230712,269.0
002594.SZ,2023-07-12 09:32:00,269.34,269.0,269.35,268.8,109500.0,29467022.0,20230712,269.35
002594.SZ,2023-07-12 09:31:00,270.6,269.35,270.76,269.31,164100.0,44326410.0,20230712,270.64
002594.SZ,2023-07-12 09:30:00,270.5,270.64,270.98,270.3,87100.0,23564698.0,20230712,269.33
002594.SZ,2023-07-11 15:00:00,269.33,269.33,269.33,269.33,182500.0,49152725.0,20230711,269.2
002594.SZ,2023-07-11 14:59:00,269.2,269.2,269.2,269.2,0.0,0.0,20230711,269.2
002594.SZ,2023-07-11 14:58:00,269.2,269.2,269.2,269.2,0.0,0.0,20230711,269.2
002594.SZ,2023-07-11 14:57:00,269.18,269.2,269.22,269.18,64400.0,17336098.24,20230711,269.18
002594.SZ,2023-07-11 14:56:00,269.2,269.18,269.22,269.18,44000.0,11844900.0,20230711,269.2
002594.SZ,2023-07-11 14:55:00,269.22,269.2,269.23,269.2,48500.0,13056966.0,20230711,269.23
002594.SZ,2023-07-11 14:54:00,269.23,269.23,269.24,269.21,60500.0,16288291.0,20230711,269.22
002594.SZ,2023-07-11 14:53:00,269.2,269.22,269.27,269.2,28100.0,7565422.0,20230711,269.27
002594.SZ,2023-07-11 14:52:00,269.18,269.27,269.27,269.14,43999.0,11844190.85,20230711,269.19
002594.SZ,2023-07-11 14:51:00,269.1,269.19,269.19,269.1,35100.0,9446659.0,20230711,269.15
002594.SZ,2023-07-11 14:50:00,269.2,269.15,269.2,269.1,27300.0,7347999.0,20230711,269.21
002594.SZ,2023-07-11 14:49:00,269.26,269.21,269.27,269.21,26700.0,7188491.0,20230711,269.25
002594.SZ,2023-07-11 14:48:00,269.04,269.25,269.29,269.04,36100.0,9716549.0,20230711,269.02
002594.SZ,2023-07-11 14:47:00,269.01,269.02,269.07,269.0,25538.0,6870527.62,20230711,269.01
002594.SZ,2023-07-11 14:46:00,269.02,269.01,269.02,269.0,45105.0,12133432.0,20230711,269.01
002594.SZ,2023-07-11 14:45:00,269.08,269.01,269.1,269.01,37481.0,10084561.72,20230711,269.09
002594.SZ,2023-07-11 14:44:00,269.18,269.09,269.2,269.08,25519.0,6868315.52,20230711,269.2
002594.SZ,2023-07-11 14:43:00,269.45,269.2,269.45,269.2,37101.0,9993822.21,20230711,269.45
002594.SZ,2023-07-11 14:42:00,269.45,269.45,269.46,269.42,34600.0,9322797.0,20230711,269.44
002594.SZ,2023-07-11 14:41:00,269.45,269.44,269.46,269.42,27800.0,7490752.0,20230711,269.48
002594.SZ,2023-07-11 14:40:00,269.47,269.48,269.5,269.47,28200.0,7599671.0,20230711,269.49
002594.SZ,2023-07-11 14:39:00,269.5,269.49,269.55,269.47,37000.0,9971625.0,20230711,269.5
002594.SZ,2023-07-11 14:38:00,269.53,269.5,269.55,269.49,46000.0,12397407.7,20230711,269.5
002594.SZ,2023-07-11 14:37:00,269.46,269.5,269.53,269.46,39200.0,10563958.05,20230711,269.46
002594.SZ,2023-07-11 14:36:00,269.49,269.46,269.49,269.46,23400.0,6305795.0,20230711,269.49
002594.SZ,2023-07-11 14:35:00,269.5,269.49,269.54,269.49,44900.0,12100635.0,20230711,269.5
002594.SZ,2023-07-11 14:34:00,269.39,269.5,269.5,269.39,41000.0,11048988.0,20230711,269.39
002594.SZ,2023-07-11 14:33:00,269.26,269.39,269.39,269.26,23400.0,6301902.0,20230711,269.24
002594.SZ,2023-07-11 14:32:00,269.22,269.24,269.24,269.17,29499.0,7941172.82,20230711,269.21
002594.SZ,2023-07-11 14:31:00,269.45,269.21,269.45,269.21,59200.0,15945164.0,20230711,269.48
002594.SZ,2023-07-11 14:30:00,269.41,269.48,269.48,269.41,31400.0,8459984.0,20230711,269.41
002594.SZ,2023-07-11 14:29:00,269.36,269.41,269.41,269.35,22100.0,5953132.0,20230711,269.37
002594.SZ,2023-07-11 14:28:00,269.33,269.37,269.37,269.33,29800.0,8026559.0,20230711,269.35
002594.SZ,2023-07-11 14:27:00,269.32,269.35,269.35,269.24,27600.0,7432546.0,20230711,269.34
002594.SZ,2023-07-11 14:26:00,269.48,269.34,269.49,269.33,27800.0,7490194.0,20230711,269.49
002594.SZ,2023-07-11 14:25:00,269.5,269.49,269.5,269.48,39000.0,10510230.5,20230711,269.49
002594.SZ,2023-07-11 14:24:00,269.5,269.49,269.5,269.45,18700.0,5039084.0,20230711,269.45
002594.SZ,2023-07-11 14:23:00,269.3,269.45,269.5,269.29,36000.0,9697227.3,20230711,269.29
002594.SZ,2023-07-11 14:22:00,269.24,269.29,269.29,269.2,29000.0,7808677.0,20230711,269.2
002594.SZ,2023-07-11 14:21:00,269.15,269.2,269.24,269.15,24800.0,6675579.0,20230711,269.15
002594.SZ,2023-07-11 14:20:00,269.09,269.15,269.15,269.08,20300.0,5462779.0,20230711,269.08
002594.SZ,2023-07-11 14:19:00,269.01,269.08,269.08,269.0,28180.0,7581259.0,20230711,269.0
002594.SZ,2023-07-11 14:18:00,268.96,269.0,269.0,268.96,28200.0,7585428.0,20230711,268.96
002594.SZ,2023-07-11 14:17:00,268.99,268.96,269.0,268.96,28200.0,7585328.0,20230711,268.99
002594.SZ,2023-07-11 14:16:00,269.0,268.99,269.0,268.99,32600.0,8769226.0,20230711,269.0
002594.SZ,2023-07-11 14:15:00,268.99,269.0,269.0,268.99,25700.0,6913176.0,20230711,268.99
002594.SZ,2023-07-11 14:14:00,268.99,268.99,269.0,268.96,26200.0,7047311.15,20230711,268.96
002594.SZ,2023-07-11 14:13:00,268.89,268.96,268.96,268.89,15000.0,4033806.45,20230711,268.89
002594.SZ,2023-07-11 14:12:00,268.87,268.89,268.89,268.87,23500.0,6318649.0,20230711,268.89
002594.SZ,2023-07-11 14:11:00,268.86,268.89,268.89,268.86,11400.0,3065159.0,20230711,268.87
002594.SZ,2023-07-11 14:10:00,268.87,268.87,268.87,268.85,14400.0,3871625.0,20230711,268.85
002594.SZ,2023-07-11 14:09:00,268.85,268.85,268.86,268.84,27900.0,7500770.0,20230711,268.85
002594.SZ,2023-07-11 14:08:00,268.83,268.85,268.85,268.83,28800.0,7742548.0,20230711,268.83
002594.SZ,2023-07-11 14:07:00,268.76,268.83,268.84,268.76,10900.0,2929992.0,20230711,268.76
002594.SZ,2023-07-11 14:06:00,268.79,268.76,268.85,268.71,11800.0,3171952.0,20230711,268.85
002594.SZ,2023-07-11 14:05:00,269.0,268.85,269.0,268.83,29500.0,7934269.0,20230711,268.99
002594.SZ,2023-07-11 14:04:00,268.99,268.99,269.0,268.99,26800.0,7209011.0,20230711,268.99
002594.SZ,2023-07-11 14:03:00,268.99,268.99,269.0,268.99,21300.0,5729599.0,20230711,268.98
002594.SZ,2023-07-11 14:02:00,268.9,268.98,268.99,268.83,20100.0,5405636.0,20230711,268.87
002594.SZ,2023-07-11 14:01:00,268.98,268.87,268.98,268.85,35801.0,9627308.84,20230711,268.98
002594.SZ,2023-07-11 14:00:00,269.0,268.98,269.01,268.98,25100.0,6751770.52,20230711,269.0
002594.SZ,2023-07-11 13:59:00,269.0,269.0,269.0,268.99,27848.0,7490975.0,20230711,269.0
002594.SZ,2023-07-11 13:58:00,269.0,269.0,269.0,268.96,56000.0,15063193.0,20230711,269.0
002594.SZ,2023-07-11 13:57:00,268.97,269.0,269.0,268.97,28900.0,7773679.0,20230711,268.97
002594.SZ,2023-07-11 13:56:00,268.85,268.97,268.98,268.85,19600.0,5271432.0,20230711,268.85
002594.SZ,2023-07-11 13:55:00,268.88,268.85,268.88,268.84,12100.0,3253059.0,20230711,268.89
002594.SZ,2023-07-11 13:54:00,268.98,268.89,268.98,268.88,25300.0,6803746.0,20230711,268.96
002594.SZ,2023-07-11 13:53:00,268.98,268.96,268.99,268.96,21700.0,5836811.0,20230711,268.98
002594.SZ,2023-07-11 13:52:00,269.0,268.98,269.02,268.97,18800.0,5057019.0,20230711,268.98
002594.SZ,2023-07-11 13:51:00,268.98,268.98,269.0,268.97,16900.0,4545859.0,20230711,269.0
002594.SZ,2023-07-11 13:50:00,268.98,269.0,269.01,268.98,32200.0,8661689.0,20230711,268.98
002594.SZ,2023-07-11 13:49:00,268.96,268.98,268.98,268.96,18700.0,5029813.0,20230711,268.96
002594.SZ,2023-07-11 13:48:00,268.92,268.96,268.96,268.9,30300.0,8148978.0,20230711,268.9
002594.SZ,2023-07-11 13:47:00,268.93,268.9,268.94,268.9,14500.0,3899272.0,20230711,268.92
002594.SZ,2023-07-11 13:46:00,268.99,268.92,269.0,268.92,31200.0,8391707.0,20230711,268.96
002594.SZ,2023-07-11 13:45:00,269.18,268.96,269.18,268.96,17200.0,4627001.0,20230711,269.18
002594.SZ,2023-07-11 13:44:00,269.25,269.18,269.29,269.18,24600.0,6623317.0,20230711,269.26
002594.SZ,2023-07-11 13:43:00,269.26,269.26,269.3,269.26,18300.0,4927584.0,20230711,269.25
002594.SZ,2023-07-11 13:42:00,269.22,269.25,269.35,269.22,25600.0,6893831.0,20230711,269.2
002594.SZ,2023-07-11 13:41:00,269.32,269.2,269.36,269.2,29200.0,7863929.0,20230711,269.35
002594.SZ,2023-07-11 13:40:00,268.99,269.35,269.35,268.99,46500.0,12514514.0,20230711,268.99
002594.SZ,2023-07-11 13:39:00,268.88,268.99,268.99,268.88,19800.0,5324674.0,20230711,268.91
002594.SZ,2023-07-11 13:38:00,268.88,268.91,268.92,268.87,25200.0,6775982.0,20230711,268.84
002594.SZ,2023-07-11 13:37:00,268.66,268.84,268.84,268.65,24850.0,6676772.5,20230711,268.65
002594.SZ,2023-07-11 13:36:00,268.53,268.65,268.65,268.52,17800.0,4780327.0,20230711,268.49
002594.SZ,2023-07-11 13:35:00,268.4,268.49,268.49,268.4,15800.0,4241604.0,20230711,268.43
002594.SZ,2023-07-11 13:34:00,268.12,268.43,268.43,268.11,49400.0,13252147.0,20230711,268.12
002594.SZ,2023-07-11 13:33:00,268.22,268.12,268.22,268.12,34800.0,9332342.0,20230711,268.21
002594.SZ,2023-07-11 13:32:00,268.39,268.21,268.39,268.2,27600.0,7404913.0,20230711,268.41
002594.SZ,2023-07-11 13:31:00,268.51,268.41,268.52,268.38,47200.0,12671194.0,20230711,268.51
002594.SZ,2023-07-11 13:30:00,268.71,268.51,268.71,268.51,27500.0,7386931.0,20230711,268.71
002594.SZ,2023-07-11 13:29:00,268.75,268.71,268.76,268.71,24850.0,6678153.5,20230711,268.75
002594.SZ,2023-07-11 13:28:00,268.76,268.75,268.77,268.75,23250.0,6248616.0,20230711,268.76
002594.SZ,2023-07-11 13:27:00,268.76,268.76,268.8,268.76,44902.0,12069431.52,20230711,268.76
002594.SZ,2023-07-11 13:26:00,268.81,268.76,268.82,268.76,25700.0,6908248.98,20230711,268.81
002594.SZ,2023-07-11 13:25:00,268.85,268.81,268.86,268.8,28700.0,7715651.0,20230711,268.85
002594.SZ,2023-07-11 13:24:00,268.76,268.85,268.86,268.76,21100.0,5672303.0,20230711,268.76
002594.SZ,2023-07-11 13:23:00,268.67,268.76,268.76,268.66,27200.0,7308618.0,20230711,268.65
002594.SZ,2023-07-11 13:22:00,268.51,268.65,268.66,268.51,30400.0,8164394.0,20230711,268.51
002594.SZ,2023-07-11 13:21:00,268.63,268.51,268.63,268.44,52600.0,14121598.0,20230711,268.65
002594.SZ,2023-07-11 13:20:00,268.91,268.65,268.93,268.65,37200.0,9999878.0,20230711,268.91
002594.SZ,2023-07-11 13:19:00,268.88,268.91,269.0,268.87,29500.0,7932966.0,20230711,268.88
002594.SZ,2023-07-11 13:18:00,268.82,268.88,268.9,268.81,69800.0,18762776.0,20230711,268.85
002594.SZ,2023-07-11 13:17:00,269.57,268.85,269.57,268.8,63100.0,16979184.0,20230711,269.69
002594.SZ,2023-07-11 13:16:00,269.53,269.69,269.75,269.53,30900.0,8333054.0,20230711,269.5
002594.SZ,2023-07-11 13:15:00,269.31,269.5,269.51,269.2,55200.0,14866451.0,20230711,269.31
002594.SZ,2023-07-11 13:14:00,269.75,269.31,269.75,269.31,49400.0,13311097.0,20230711,269.82
002594.SZ,2023-07-11 13:13:00,270.02,269.82,270.05,269.82,25600.0,6911413.0,20230711,270.02
002594.SZ,2023-07-11 13:12:00,270.15,270.02,270.23,270.0,29500.0,7968225.0,20230711,270.25
002594.SZ,2023-07-11 13:11:00,270.33,270.25,270.48,270.23,63200.0,17090390.0,20230711,270.33
002594.SZ,2023-07-11 13:10:00,270.06,270.33,270.45,270.0,167550.0,45271682.5,20230711,270.0
002594.SZ,2023-07-11 13:09:00,270.08,270.0,270.08,269.85,41190.0,11117359.4,20230711,270.08
002594.SZ,2023-07-11 13:08:00,270.21,270.08,270.21,270.08,35550.0,9603958.5,20230711,270.3
002594.SZ,2023-07-11 13:07:00,270.55,270.3,270.55,270.18,54300.0,14678194.0,20230711,270.46
002594.SZ,2023-07-11 13:06:00,270.31,270.46,270.64,270.31,73700.0,19938998.0,20230711,270.31
002594.SZ,2023-07-11 13:05:00,270.14,270.31,270.39,270.14,76150.0,20582008.5,20230711,270.22
002594.SZ,2023-07-11 13:04:00,270.47,270.22,270.47,269.99,54510.0,14723456.76,20230711,270.5
002594.SZ,2023-07-11 13:03:00,270.62,270.5,270.69,270.37,100300.0,27139456.0,20230711,270.68
002594.SZ,2023-07-11 13:02:00,269.98,270.68,270.68,269.96,163273.0,44107892.27,20230711,269.97
002594.SZ,2023-07-11 13:01:00,269.55,269.97,270.0,269.55,460421.0,124258000.92,20230711,269.61
002594.SZ,2023-07-11 11:30:00,269.44,269.61,269.7,269.44,71600.0,19302993.46,20230711,269.59
002594.SZ,2023-07-11 11:29:00,269.76,269.59,269.8,269.5,70000.0,18880542.0,20230711,269.67
002594.SZ,2023-07-11 11:28:00,268.99,269.67,269.73,268.99,192505.0,51858961.85,20230711,268.99
002594.SZ,2023-07-11 11:27:00,268.52,268.99,269.0,268.52,299000.0,80404510.0,20230711,268.52
002594.SZ,2023-07-11 11:26:00,268.67,268.52,268.67,268.52,31600.0,8488610.0,20230711,268.67
002594.SZ,2023-07-11 11:25:00,268.79,268.67,268.8,268.67,31800.0,8545795.0,20230711,268.8
002594.SZ,2023-07-11 11:24:00,268.85,268.8,268.88,268.71,73000.0,19624152.0,20230711,268.88
002594.SZ,2023-07-11 11:23:00,268.39,268.88,268.88,268.39,190850.0,51270411.74,20230711,268.39
002594.SZ,2023-07-11 11:22:00,268.26,268.39,268.41,268.24,59100.0,15858081.54,20230711,268.39
002594.SZ,2023-07-11 11:21:00,268.3,268.39,268.43,268.28,40900.0,10975830.68,20230711,268.29
002594.SZ,2023-07-11 11:20:00,267.96,268.29,268.29,267.96,38500.0,10324036.62,20230711,268.0
002594.SZ,2023-07-11 11:19:00,268.1,268.0,268.1,267.95,12700.0,3403744.0,20230711,268.1
002594.SZ,2023-07-11 11:18:00,268.4,268.1,268.44,267.8,30400.0,8154082.0,20230711,268.45
002594.SZ,2023-07-11 11:17:00,268.46,268.45,268.48,268.33,91500.0,24562799.0,20230711,268.45
002594.SZ,2023-07-11 11:16:00,268.21,268.45,268.45,268.07,65300.0,17518290.0,20230711,268.25
002594.SZ,2023-07-11 11:15:00,267.82,268.25,268.3,267.82,54730.0,14674263.0,20230711,267.9
002594.SZ,2023-07-11 11:14:00,267.76,267.9,267.9,267.75,16000.0,4284527.0,20230711,267.76
002594.SZ,2023-07-11 11:13:00,268.29,267.76,268.29,267.75,39000.0,10452843.0,20230711,268.28
002594.SZ,2023-07-11 11:12:00,268.0,268.28,268.38,268.0,43400.0,11641936.0,20230711,268.09
002594.SZ,2023-07-11 11:11:00,267.62,268.09,268.09,267.62,67600.0,18109493.0,20230711,267.69
002594.SZ,2023-07-11 11:10:00,267.71,267.69,267.8,267.69,28400.0,7603497.0,20230711,267.71
002594.SZ,2023-07-11 11:09:00,267.46,267.71,267.71,267.43,25300.0,6769476.0,20230711,267.43
002594.SZ,2023-07-11 11:08:00,267.43,267.43,267.44,267.37,17500.0,4679816.0,20230711,267.43
002594.SZ,2023-07-11 11:07:00,267.36,267.43,267.46,267.29,16200.0,4331986.0,20230711,267.29
002594.SZ,2023-07-11 11:06:00,267.25,267.29,267.29,267.08,25000.0,6679870.0,20230711,267.29
002594.SZ,2023-07-11 11:05:00,267.54,267.29,267.54,267.29,16000.0,4279028.0,20230711,267.55
002594.SZ,2023-07-11 11:04:00,267.53,267.55,267.6,267.46,28100.0,7518417.0,20230711,267.66
002594.SZ,2023-07-11 11:03:00,268.11,267.66,268.11,267.61,35800.0,9592481.0,20230711,268.11
002594.SZ,2023-07-11 11:02:00,267.88,268.11,268.5,267.81,286300.0,76751086.86,20230711,267.8
002594.SZ,2023-07-11 11:01:00,267.68,267.8,267.8,267.51,113500.0,30372140.0,20230711,267.54
002594.SZ,2023-07-11 11:00:00,267.28,267.54,267.6,267.23,68300.0,18264379.0,20230711,267.26
002594.SZ,2023-07-11 10:59:00,267.2,267.26,267.37,267.2,27800.0,7430271.0,20230711,267.2
002594.SZ,2023-07-11 10:58:00,267.11,267.2,267.3,267.11,56500.0,15091527.0,20230711,266.85
002594.SZ,2023-07-11 10:57:00,267.01,266.85,267.01,266.6,17300.0,4615245.0,20230711,267.03
002594.SZ,2023-07-11 10:56:00,266.96,267.03,267.03,266.95,46000.0,12281814.0,20230711,266.96
002594.SZ,2023-07-11 10:55:00,266.82,266.96,266.97,266.8,21200.0,5657161.0,20230711,266.8
002594.SZ,2023-07-11 10:54:00,266.4,266.8,266.98,266.4,15700.0,4185922.0,20230711,266.39
002594.SZ,2023-07-11 10:53:00,266.25,266.39,266.39,266.21,35300.0,9400139.0,20230711,266.25
002594.SZ,2023-07-11 10:52:00,266.2,266.25,266.36,266.1,40200.0,10699722.0,20230711,266.36
002594.SZ,2023-07-11 10:51:00,266.61,266.36,266.61,266.36,20800.0,5543501.0,20230711,266.6
002594.SZ,2023-07-11 10:50:00,267.12,266.6,267.12,266.59,27400.0,7314332.0,20230711,267.13
002594.SZ,2023-07-11 10:49:00,267.1,267.13,267.23,267.03,34630.0,9249983.8,20230711,267.1
002594.SZ,2023-07-11 10:48:00,267.59,267.1,267.59,267.1,24400.0,6522451.0,20230711,267.6
002594.SZ,2023-07-11 10:47:00,267.47,267.6,267.66,267.4,97900.0,26192020.0,20230711,267.4
002594.SZ,2023-07-11 10:46:00,267.33,267.4,267.4,267.23,61700.0,16494542.0,20230711,267.33
002594.SZ,2023-07-11 10:45:00,267.18,267.33,267.4,267.15,55600.0,14859786.0,20230711,267.22
002594.SZ,2023-07-11 10:44:00,266.95,267.22,267.22,266.95,48700.0,13009409.0,20230711,267.2
002594.SZ,2023-07-11 10:43:00,267.43,267.2,267.48,267.0,51400.0,13739564.0,20230711,267.5
002594.SZ,2023-07-11 10:42:00,267.08,267.5,267.56,267.08,77700.0,20771872.0,20230711,267.06
002594.SZ,2023-07-11 10:41:00,267.57,267.06,267.8,266.86,74000.0,19773313.0,20230711,267.6
002594.SZ,2023-07-11 10:40:00,265.54,267.6,267.77,265.45,370705.0,98848139.0,20230711,265.53
002594.SZ,2023-07-11 10:39:00,265.96,265.53,265.96,265.53,27400.0,7285301.0,20230711,265.98
002594.SZ,2023-07-11 10:38:00,265.95,265.98,266.0,265.94,52200.0,13883889.0,20230711,265.8
002594.SZ,2023-07-11 10:37:00,265.75,265.8,265.85,265.65,47400.0,12598568.0,20230711,265.65
002594.SZ,2023-07-11 10:36:00,264.97,265.65,265.65,264.95,80696.0,21407545.88,20230711,264.95
002594.SZ,2023-07-11 10:35:00,264.89,264.95,264.95,264.89,12800.0,3391086.0,20230711,264.88
002594.SZ,2023-07-11 10:34:00,264.8,264.88,264.92,264.8,11500.0,3045789.0,20230711,264.8
002594.SZ,2023-07-11 10:33:00,264.9,264.8,264.9,264.6,15300.0,4051771.0,20230711,264.9
002594.SZ,2023-07-11 10:32:00,264.4,264.9,264.9,264.4,57275.0,15155590.75,20230711,264.3
002594.SZ,2023-07-11 10:31:00,264.45,264.3,264.45,264.27,7900.0,2088455.0,20230711,264.44
002594.SZ,2023-07-11 10:30:00,264.33,264.44,264.45,264.33,5400.0,1427628.0,20230711,264.33
002594.SZ,2023-07-11 10:29:00,264.45,264.33,264.45,264.2,16100.0,4255767.5,20230711,264.41
002594.SZ,2023-07-11 10:28:00,264.51,264.41,264.51,264.41,4000.0,1057919.0,20230711,264.51
002594.SZ,2023-07-11 10:27:00,264.55,264.51,264.59,264.5,6300.0,1666511.0,20230711,264.55
002594.SZ,2023-07-11 10:26:00,264.55,264.55,264.59,264.5,14800.0,3915300.0,20230711,264.6
002594.SZ,2023-07-11 10:25:00,264.6,264.6,264.6,264.54,8700.0,2301967.0,20230711,264.51
002594.SZ,2023-07-11 10:24:00,264.66,264.51,264.68,264.51,14400.0,3810478.0,20230711,264.69
002594.SZ,2023-07-11 10:23:00,264.7,264.69,264.82,264.66,11400.0,3017791.0,20230711,264.79
002594.SZ,2023-07-11 10:22:00,264.79,264.79,264.83,264.79,9100.0,2409708.0,20230711,264.76
002594.SZ,2023-07-11 10:21:00,264.69,264.76,264.76,264.69,5600.0,1482358.0,20230711,264.68
002594.SZ,2023-07-11 10:20:00,264.63,264.68,264.75,264.6,7500.0,1984941.0,20230711,264.6
002594.SZ,2023-07-11 10:19:00,264.67,264.6,264.67,264.6,9100.0,2408383.0,20230711,264.67
002594.SZ,2023-07-11 10:18:00,264.8,264.67,264.8,264.64,6100.0,1614596.0,20230711,264.78
002594.SZ,2023-07-11 10:17:00,264.88,264.78,264.88,264.66,11400.0,3018436.0,20230711,264.83
002594.SZ,2023-07-11 10:16:00,264.63,264.83,264.88,264.6,10000.0,2646896.0,20230711,264.48
002594.SZ,2023-07-11 10:15:00,264.56,264.48,264.65,264.48,8000.0,2116450.0,20230711,264.6
002594.SZ,2023-07-11 10:14:00,264.58,264.6,264.66,264.36,5300.0,1402432.0,20230711,264.66
002594.SZ,2023-07-11 10:13:00,264.59,264.66,264.66,264.35,13750.0,3637674.5,20230711,264.32
002594.SZ,2023-07-11 10:12:00,264.21,264.32,264.63,264.21,16100.0,4255501.0,20230711,264.18
002594.SZ,2023-07-11 10:11:00,264.37,264.18,264.37,264.18,10400.0,2748155.0,20230711,264.52
002594.SZ,2023-07-11 10:10:00,264.99,264.52,264.99,264.3,19000.0,5030569.0,20230711,264.9
002594.SZ,2023-07-11 10:09:00,264.48,264.9,264.9,264.48,14400.0,3812812.0,20230711,264.48
002594.SZ,2023-07-11 10:08:00,264.47,264.48,264.5,264.3,5700.0,1507263.0,20230711,264.49
002594.SZ,2023-07-11 10:07:00,264.5,264.49,264.6,264.3,17100.0,4521776.0,20230711,264.6
002594.SZ,2023-07-11 10:06:00,264.16,264.6,264.65,264.16,24500.0,6478569.0,20230711,264.35
002594.SZ,2023-07-11 10:05:00,264.1,264.35,264.64,264.1,11600.0,3066537.0,20230711,264.08
002594.SZ,2023-07-11 10:04:00,263.85,264.08,264.1,263.8,21250.0,5609456.5,20230711,263.83
002594.SZ,2023-07-11 10:03:00,264.05,263.83,264.05,263.83,52100.0,13753661.0,20230711,264.08
002594.SZ,2023-07-11 10:02:00,264.1,264.08,264.18,264.04,12800.0,3380195.0,20230711,264.06
002594.SZ,2023-07-11 10:01:00,264.4,264.06,264.57,264.06,22970.0,6069723.4,20230711,264.46
002594.SZ,2023-07-11 10:00:00,264.64,264.46,264.64,264.45,17930.0,4743221.5,20230711,264.45
002594.SZ,2023-07-11 09:59:00,264.33,264.45,264.46,264.27,30600.0,8089081.0,20230711,264.33
002594.SZ,2023-07-11 09:58:00,264.65,264.33,264.66,264.33,17600.0,4656141.0,20230711,264.65
002594.SZ,2023-07-11 09:57:00,264.59,264.65,264.66,264.59,20400.0,5398143.0,20230711,264.59
002594.SZ,2023-07-11 09:56:00,264.63,264.59,264.64,264.5,28100.0,7433195.0,20230711,264.63
002594.SZ,2023-07-11 09:55:00,264.52,264.63,264.64,264.52,12600.0,3333707.0,20230711,264.52
002594.SZ,2023-07-11 09:54:00,264.77,264.52,264.88,264.5,12700.0,3361010.0,20230711,264.77
002594.SZ,2023-07-11 09:53:00,264.3,264.77,264.86,264.3,30300.0,8015171.0,20230711,264.32
002594.SZ,2023-07-11 09:52:00,264.35,264.32,264.35,264.3,19100.0,5048726.0,20230711,264.36
002594.SZ,2023-07-11 09:51:00,265.03,264.36,265.03,264.36,30500.0,8072628.04,20230711,265.02
002594.SZ,2023-07-11 09:50:00,264.62,265.02,265.02,264.62,22917.0,6067044.9,20230711,264.7
002594.SZ,2023-07-11 09:49:00,264.9,264.7,264.9,264.64,15700.0,4156572.64,20230711,264.94
002594.SZ,2023-07-11 09:48:00,265.19,264.94,265.33,264.94,28400.0,7527974.08,20230711,265.3
002594.SZ,2023-07-11 09:47:00,265.17,265.3,265.45,265.01,20900.0,5543704.0,20230711,265.16
002594.SZ,2023-07-11 09:46:00,265.68,265.16,265.68,265.16,26300.0,6982401.0,20230711,265.68
002594.SZ,2023-07-11 09:45:00,266.1,265.68,266.1,265.62,36900.0,9813485.0,20230711,266.25
002594.SZ,2023-07-11 09:44:00,265.95,266.25,266.44,265.95,118800.0,31620917.66,20230711,265.81
002594.SZ,2023-07-11 09:43:00,265.5,265.81,265.81,265.46,72200.0,19156892.0,20230711,265.32
002594.SZ,2023-07-11 09:42:00,265.75,265.32,266.0,265.32,42300.0,11238644.0,20230711,265.74
002594.SZ,2023-07-11 09:41:00,265.49,265.74,265.99,265.43,96685.0,25693384.7,20230711,265.5
002594.SZ,2023-07-11 09:40:00,265.09,265.5,265.55,265.09,93060.0,24697084.6,20230711,265.03
002594.SZ,2023-07-11 09:39:00,264.88,265.03,265.04,264.88,37000.0,9805044.0,20230711,264.88
002594.SZ,2023-07-11 09:38:00,265.14,264.88,265.14,264.54,37200.0,9856554.0,20230711,265.0
002594.SZ,2023-07-11 09:37:00,264.82,265.0,265.3,264.64,91200.0,24174060.6,20230711,264.81
002594.SZ,2023-07-11 09:36:00,264.36,264.81,264.82,264.36,63800.0,16881722.4,20230711,264.35
002594.SZ,2023-07-11 09:35:00,264.0,264.35,264.64,264.0,39400.0,10417805.0,20230711,264.33
002594.SZ,2023-07-11 09:34:00,263.91,264.33,264.51,263.91,38600.0,10201281.0,20230711,264.01
002594.SZ,2023-07-11 09:33:00,264.66,264.01,264.66,263.88,77700.0,20529159.65,20230711,264.66
002594.SZ,2023-07-11 09:32:00,264.8,264.66,264.8,264.3,61600.0,16299387.0,20230711,264.36
002594.SZ,2023-07-11 09:31:00,264.81,264.36,265.52,264.29,116400.0,30841450.0,20230711,265.0
002594.SZ,2023-07-11 09:30:00,265.0,265.0,265.14,264.8,47000.0,12454912.0,20230711,263.55
002594.SZ,2023-07-10 15:00:00,263.55,263.55,263.55,263.55,83197.0,21926569.35,20230710,263.55
002594.SZ,2023-07-10 14:59:00,263.55,263.55,263.55,263.55,0.0,0.0,20230710,263.55
002594.SZ,2023-07-10 14:58:00,263.55,263.55,263.55,263.55,0.0,0.0,20230710,263.55
002594.SZ,2023-07-10 14:57:00,263.51,263.55,263.55,263.5,29600.0,7800350.0,20230710,263.53
002594.SZ,2023-07-10 14:56:00,263.46,263.53,263.53,263.46,24643.0,6493241.5,20230710,263.49
002594.SZ,2023-07-10 14:55:00,263.47,263.49,263.49,263.44,48707.0,12832116.08,20230710,263.47
002594.SZ,2023-07-10 14:54:00,263.5,263.47,263.5,263.45,42500.0,11197786.14,20230710,263.48
002594.SZ,2023-07-10 14:53:00,263.48,263.48,263.5,263.47,18400.0,4848123.0,20230710,263.48
002594.SZ,2023-07-10 14:52:00,263.48,263.48,263.49,263.47,14400.0,3794140.0,20230710,263.49
002594.SZ,2023-07-10 14:51:00,263.53,263.49,263.53,263.47,24000.0,6324071.0,20230710,263.52
002594.SZ,2023-07-10 14:50:00,263.53,263.52,263.54,263.49,28100.0,7404617.0,20230710,263.53
002594.SZ,2023-07-10 14:49:00,263.48,263.53,263.55,263.48,12900.0,3399526.0,20230710,263.52
002594.SZ,2023-07-10 14:48:00,263.51,263.52,263.52,263.46,20000.0,5270027.0,20230710,263.53
002594.SZ,2023-07-10 14:47:00,263.59,263.53,263.59,263.53,23200.0,6114628.0,20230710,263.6
002594.SZ,2023-07-10 14:46:00,263.56,263.6,263.6,263.53,17300.0,4559981.0,20230710,263.53
002594.SZ,2023-07-10 14:45:00,263.51,263.53,263.56,263.51,10600.0,2793332.0,20230710,263.51
002594.SZ,2023-07-10 14:44:00,263.58,263.51,263.58,263.5,13200.0,3478725.0,20230710,263.51
002594.SZ,2023-07-10 14:43:00,263.66,263.51,263.66,263.51,17700.0,4666058.0,20230710,263.62
002594.SZ,2023-07-10 14:42:00,263.62,263.62,263.66,263.61,26100.0,6881065.0,20230710,263.62
002594.SZ,2023-07-10 14:41:00,263.49,263.62,263.62,263.46,9200.0,2424633.0,20230710,263.47
002594.SZ,2023-07-10 14:40:00,263.41,263.47,263.52,263.41,8800.0,2318497.0,20230710,263.45
002594.SZ,2023-07-10 14:39:00,263.32,263.45,263.45,263.32,6600.0,1738284.0,20230710,263.33
002594.SZ,2023-07-10 14:38:00,263.3,263.33,263.38,263.3,7600.0,2001213.0,20230710,263.29
002594.SZ,2023-07-10 14:37:00,263.05,263.29,263.29,263.05,13200.0,3474185.0,20230710,263.02
002594.SZ,2023-07-10 14:36:00,262.96,263.02,263.02,262.96,11400.0,2998174.0,20230710,262.96
002594.SZ,2023-07-10 14:35:00,262.89,262.96,262.96,262.89,9200.0,2418978.0,20230710,262.9
002594.SZ,2023-07-10 14:34:00,262.84,262.9,262.9,262.84,17300.0,4547539.0,20230710,262.84
002594.SZ,2023-07-10 14:33:00,262.98,262.84,262.98,262.8,60200.0,15826434.0,20230710,263.0
002594.SZ,2023-07-10 14:32:00,263.09,263.0,263.09,263.0,34000.0,8942787.0,20230710,263.08
002594.SZ,2023-07-10 14:31:00,263.29,263.08,263.29,263.08,29200.0,7684746.0,20230710,263.29
002594.SZ,2023-07-10 14:30:00,263.32,263.29,263.33,263.25,8300.0,2185318.0,20230710,263.32
002594.SZ,2023-07-10 14:29:00,263.24,263.32,263.32,263.24,9200.0,2422322.0,20230710,263.24
002594.SZ,2023-07-10 14:28:00,263.28,263.24,263.3,263.24,9300.0,2448450.0,20230710,263.28
002594.SZ,2023-07-10 14:27:00,263.35,263.28,263.35,263.28,9900.0,2606865.0,20230710,263.43
002594.SZ,2023-07-10 14:26:00,263.42,263.43,263.43,263.35,26800.0,7059022.0,20230710,263.43
002594.SZ,2023-07-10 14:25:00,263.35,263.43,263.44,263.3,11700.0,3081722.0,20230710,263.35
002594.SZ,2023-07-10 14:24:00,263.22,263.35,263.35,263.15,7200.0,1895490.0,20230710,263.25
002594.SZ,2023-07-10 14:23:00,263.22,263.25,263.25,263.14,8000.0,2105330.0,20230710,263.22
002594.SZ,2023-07-10 14:22:00,263.15,263.22,263.22,263.15,5500.0,1447560.0,20230710,263.2
002594.SZ,2023-07-10 14:21:00,263.19,263.2,263.21,263.15,9500.0,2500282.0,20230710,263.19
002594.SZ,2023-07-10 14:20:00,263.26,263.19,263.26,263.18,12700.0,3342710.0,20230710,263.26
002594.SZ,2023-07-10 14:19:00,263.32,263.26,263.32,263.21,11500.0,3027330.0,20230710,263.32
002594.SZ,2023-07-10 14:18:00,263.31,263.32,263.33,263.29,6200.0,1632546.0,20230710,263.33
002594.SZ,2023-07-10 14:17:00,263.27,263.33,263.33,263.24,8200.0,2158892.0,20230710,263.27
002594.SZ,2023-07-10 14:16:00,263.23,263.27,263.31,263.23,7800.0,2053488.0,20230710,263.23
002594.SZ,2023-07-10 14:15:00,263.2,263.23,263.25,263.2,12800.0,3369127.0,20230710,263.25
002594.SZ,2023-07-10 14:14:00,263.24,263.25,263.29,263.21,8771.0,2308920.04,20230710,263.23
002594.SZ,2023-07-10 14:13:00,263.24,263.23,263.25,263.2,8624.0,2270101.96,20230710,263.24
002594.SZ,2023-07-10 14:12:00,263.25,263.24,263.25,263.23,8471.0,2229871.04,20230710,263.24
002594.SZ,2023-07-10 14:11:00,263.35,263.24,263.35,263.24,10500.0,2764203.0,20230710,263.3
002594.SZ,2023-07-10 14:10:00,263.4,263.3,263.4,263.3,9100.0,2396524.0,20230710,263.41
002594.SZ,2023-07-10 14:09:00,263.43,263.41,263.49,263.41,9500.0,2502523.0,20230710,263.48
002594.SZ,2023-07-10 14:08:00,263.4,263.48,263.48,263.4,12200.0,3213689.0,20230710,263.41
002594.SZ,2023-07-10 14:07:00,263.44,263.41,263.48,263.4,14000.0,3688108.0,20230710,263.45
002594.SZ,2023-07-10 14:06:00,263.43,263.45,263.47,263.43,19700.0,5189627.0,20230710,263.39
002594.SZ,2023-07-10 14:05:00,263.38,263.39,263.4,263.36,6900.0,1817419.0,20230710,263.4
002594.SZ,2023-07-10 14:04:00,263.41,263.4,263.43,263.4,5600.0,1475115.0,20230710,263.42
002594.SZ,2023-07-10 14:03:00,263.42,263.42,263.43,263.4,10300.0,2713220.0,20230710,263.43
002594.SZ,2023-07-10 14:02:00,263.43,263.43,263.43,263.26,16800.0,4425018.0,20230710,263.43
002594.SZ,2023-07-10 14:01:00,263.25,263.43,263.43,263.25,28600.0,7530828.0,20230710,263.26
002594.SZ,2023-07-10 14:00:00,263.01,263.26,263.26,263.01,8500.0,2237278.0,20230710,263.13
002594.SZ,2023-07-10 13:59:00,262.96,263.13,263.13,262.95,12700.0,3340231.0,20230710,262.97
002594.SZ,2023-07-10 13:58:00,262.96,262.97,262.98,262.96,6600.0,1735590.0,20230710,262.99
002594.SZ,2023-07-10 13:57:00,262.97,262.99,262.99,262.95,8400.0,2208891.0,20230710,262.97
002594.SZ,2023-07-10 13:56:00,263.06,262.97,263.06,262.97,17700.0,4655272.0,20230710,263.06
002594.SZ,2023-07-10 13:55:00,263.03,263.06,263.11,263.02,6700.0,1762406.0,20230710,263.03
002594.SZ,2023-07-10 13:54:00,262.98,263.03,263.03,262.98,14000.0,3681993.0,20230710,263.02
002594.SZ,2023-07-10 13:53:00,262.97,263.02,263.02,262.97,10900.0,2866582.0,20230710,263.0
002594.SZ,2023-07-10 13:52:00,262.98,263.0,263.0,262.97,22000.0,5785862.0,20230710,262.98
002594.SZ,2023-07-10 13:51:00,263.03,262.98,263.03,262.96,18600.0,4891687.0,20230710,263.03
002594.SZ,2023-07-10 13:50:00,263.11,263.03,263.19,263.02,15500.0,4077962.0,20230710,263.15
002594.SZ,2023-07-10 13:49:00,263.07,263.15,263.15,263.01,9000.0,2367613.0,20230710,263.1
002594.SZ,2023-07-10 13:48:00,263.16,263.1,263.16,263.02,5300.0,1394406.0,20230710,263.22
002594.SZ,2023-07-10 13:47:00,263.25,263.22,263.25,263.16,8700.0,2289762.0,20230710,263.25
002594.SZ,2023-07-10 13:46:00,263.18,263.25,263.25,263.13,13500.0,3553491.0,20230710,263.19
002594.SZ,2023-07-10 13:45:00,263.0,263.19,263.19,262.99,14500.0,3814536.0,20230710,262.98
002594.SZ,2023-07-10 13:44:00,263.02,262.98,263.02,262.98,7800.0,2051428.0,20230710,263.06
002594.SZ,2023-07-10 13:43:00,262.86,263.06,263.06,262.82,9900.0,2603019.0,20230710,262.86
002594.SZ,2023-07-10 13:42:00,263.07,262.86,263.07,262.86,18300.0,4812144.0,20230710,263.1
002594.SZ,2023-07-10 13:41:00,263.25,263.1,263.25,263.08,16100.0,4237646.0,20230710,263.25
002594.SZ,2023-07-10 13:40:00,263.19,263.25,263.25,263.19,13900.0,3659082.0,20230710,263.19
002594.SZ,2023-07-10 13:39:00,263.15,263.19,263.19,263.12,12200.0,3210413.0,20230710,263.14
002594.SZ,2023-07-10 13:38:00,263.1,263.14,263.14,263.09,4800.0,1262910.0,20230710,263.1
002594.SZ,2023-07-10 13:37:00,263.06,263.1,263.1,263.04,8300.0,2183414.0,20230710,263.05
002594.SZ,2023-07-10 13:36:00,263.06,263.05,263.06,263.0,8900.0,2340995.0,20230710,263.03
002594.SZ,2023-07-10 13:35:00,263.02,263.03,263.03,263.0,14500.0,3813670.0,20230710,263.0
002594.SZ,2023-07-10 13:34:00,262.77,263.0,263.0,262.75,16400.0,4310659.0,20230710,262.76
002594.SZ,2023-07-10 13:33:00,262.78,262.76,262.78,262.76,18100.0,4756083.0,20230710,262.78
002594.SZ,2023-07-10 13:32:00,262.82,262.78,262.82,262.77,14300.0,3757827.0,20230710,262.81
002594.SZ,2023-07-10 13:31:00,262.92,262.81,262.92,262.78,36900.0,9698484.0,20230710,262.91
002594.SZ,2023-07-10 13:30:00,262.87,262.91,262.91,262.83,21400.0,5625574.0,20230710,262.87
002594.SZ,2023-07-10 13:29:00,262.91,262.87,262.91,262.87,10600.0,2786666.0,20230710,262.91
002594.SZ,2023-07-10 13:28:00,262.89,262.91,262.91,262.88,10500.0,2760379.0,20230710,262.89
002594.SZ,2023-07-10 13:27:00,263.0,262.89,263.0,262.86,29200.0,7677622.0,20230710,263.0
002594.SZ,2023-07-10 13:26:00,262.99,263.0,263.08,262.88,12100.0,3181459.0,20230710,262.99
002594.SZ,2023-07-10 13:25:00,263.16,262.99,263.2,262.99,14700.0,3868090.0,20230710,263.07
002594.SZ,2023-07-10 13:24:00,262.82,263.07,263.07,262.82,27600.0,7256541.0,20230710,262.81
002594.SZ,2023-07-10 13:23:00,262.82,262.81,262.85,262.81,8800.0,2312845.0,20230710,262.85
002594.SZ,2023-07-10 13:22:00,262.84,262.85,262.85,262.79,18500.0,4862187.0,20230710,262.9
002594.SZ,2023-07-10 13:21:00,263.04,262.9,263.04,262.75,184600.0,48544727.0,20230710,263.09
002594.SZ,2023-07-10 13:20:00,263.15,263.09,263.24,263.08,15500.0,4077807.0,20230710,263.14
002594.SZ,2023-07-10 13:19:00,263.07,263.14,263.14,263.05,6300.0,1657417.0,20230710,263.07
002594.SZ,2023-07-10 13:18:00,263.3,263.07,263.3,263.07,17200.0,4526861.0,20230710,263.4
002594.SZ,2023-07-10 13:17:00,263.39,263.4,263.4,263.25,10510.0,2767254.0,20230710,263.4
002594.SZ,2023-07-10 13:16:00,263.25,263.4,263.4,263.25,10600.0,2791292.0,20230710,263.16
002594.SZ,2023-07-10 13:15:00,263.04,263.16,263.19,263.04,19300.0,5077359.0,20230710,263.05
002594.SZ,2023-07-10 13:14:00,263.08,263.05,263.08,263.04,14400.0,3787925.0,20230710,263.06
002594.SZ,2023-07-10 13:13:00,263.05,263.06,263.08,263.04,12900.0,3393487.0,20230710,263.05
002594.SZ,2023-07-10 13:12:00,263.11,263.05,263.23,263.05,17400.0,4578145.0,20230710,263.25
002594.SZ,2023-07-10 13:11:00,263.35,263.25,263.45,263.11,23800.0,6266117.0,20230710,263.35
002594.SZ,2023-07-10 13:10:00,263.23,263.35,263.35,263.23,12700.0,3343703.0,20230710,263.27
002594.SZ,2023-07-10 13:09:00,263.08,263.27,263.3,263.08,15500.0,4079005.0,20230710,263.08
002594.SZ,2023-07-10 13:08:00,263.1,263.08,263.12,263.08,24250.0,6380200.0,20230710,263.1
002594.SZ,2023-07-10 13:07:00,263.23,263.1,263.23,263.1,55100.0,14502695.0,20230710,263.27
002594.SZ,2023-07-10 13:06:00,263.5,263.27,263.5,263.27,53900.0,14194291.0,20230710,263.39
002594.SZ,2023-07-10 13:05:00,263.4,263.39,263.58,263.39,7600.0,2002240.0,20230710,263.47
002594.SZ,2023-07-10 13:04:00,263.32,263.47,263.47,263.32,6000.0,1580118.0,20230710,263.32
002594.SZ,2023-07-10 13:03:00,263.29,263.32,263.4,263.29,14300.0,3765615.0,20230710,263.29
002594.SZ,2023-07-10 13:02:00,263.42,263.29,263.54,263.27,18100.0,4767804.0,20230710,263.42
002594.SZ,2023-07-10 13:01:00,263.27,263.42,263.42,263.27,26400.0,6951519.0,20230710,263.25
002594.SZ,2023-07-10 11:30:00,263.28,263.25,263.43,263.25,28400.0,7477705.0,20230710,263.32
002594.SZ,2023-07-10 11:29:00,263.33,263.32,263.33,263.26,7200.0,1895704.0,20230710,263.33
002594.SZ,2023-07-10 11:28:00,263.24,263.33,263.33,263.24,9000.0,2369305.0,20230710,263.23
002594.SZ,2023-07-10 11:27:00,263.35,263.23,263.35,263.22,15000.0,3949261.0,20230710,263.35
002594.SZ,2023-07-10 11:26:00,263.32,263.35,263.43,263.29,12300.0,3238719.0,20230710,263.32
002594.SZ,2023-07-10 11:25:00,263.22,263.32,263.42,263.22,10300.0,2712196.0,20230710,263.23
002594.SZ,2023-07-10 11:24:00,263.2,263.23,263.23,263.18,18800.0,4948163.0,20230710,263.29
002594.SZ,2023-07-10 11:23:00,263.33,263.29,263.38,263.21,17700.0,4660327.0,20230710,263.38
002594.SZ,2023-07-10 11:22:00,263.6,263.38,263.6,263.38,10700.0,2818629.0,20230710,263.47
002594.SZ,2023-07-10 11:21:00,263.45,263.47,263.58,263.4,11800.0,3108808.0,20230710,263.45
002594.SZ,2023-07-10 11:20:00,263.53,263.45,263.58,263.42,4900.0,1290935.0,20230710,263.41
002594.SZ,2023-07-10 11:19:00,263.8,263.41,263.8,263.41,9500.0,2504054.0,20230710,263.78
002594.SZ,2023-07-10 11:18:00,263.73,263.78,263.8,263.7,9400.0,2479308.0,20230710,263.74
002594.SZ,2023-07-10 11:17:00,263.4,263.74,263.78,263.4,7500.0,1977445.0,20230710,263.52
002594.SZ,2023-07-10 11:16:00,263.5,263.52,263.52,263.24,18200.0,4792820.0,20230710,263.28
002594.SZ,2023-07-10 11:15:00,263.68,263.28,263.73,263.28,25200.0,6640958.0,20230710,263.68
002594.SZ,2023-07-10 11:14:00,263.61,263.68,263.7,263.56,5500.0,1449954.0,20230710,263.58
002594.SZ,2023-07-10 11:13:00,263.48,263.58,263.79,263.48,9700.0,2556610.0,20230710,263.4
002594.SZ,2023-07-10 11:12:00,263.49,263.4,263.53,263.3,32400.0,8534209.0,20230710,263.49
002594.SZ,2023-07-10 11:11:00,263.88,263.49,263.9,263.49,40300.0,10623925.0,20230710,263.96
002594.SZ,2023-07-10 11:10:00,264.2,263.96,264.38,263.96,20600.0,5440872.0,20230710,264.22
002594.SZ,2023-07-10 11:09:00,264.3,264.22,264.3,264.16,15700.0,4148131.0,20230710,264.3
002594.SZ,2023-07-10 11:08:00,263.84,264.3,264.4,263.78,18200.0,4806679.0,20230710,263.76
002594.SZ,2023-07-10 11:07:00,263.79,263.76,263.79,263.68,10710.0,2824482.9,20230710,263.79
002594.SZ,2023-07-10 11:06:00,264.02,263.79,264.07,263.79,30500.0,8050979.0,20230710,264.01
002594.SZ,2023-07-10 11:05:00,264.1,264.01,264.11,264.01,9300.0,2455542.0,20230710,264.01
002594.SZ,2023-07-10 11:04:00,264.32,264.01,264.32,264.01,20300.0,5361411.0,20230710,264.32
002594.SZ,2023-07-10 11:03:00,264.34,264.32,264.49,264.32,14200.0,3753774.0,20230710,264.49
002594.SZ,2023-07-10 11:02:00,264.57,264.49,264.57,264.3,8500.0,2247907.0,20230710,264.45
002594.SZ,2023-07-10 11:01:00,264.53,264.45,264.67,264.1,20600.0,5445648.0,20230710,264.58
002594.SZ,2023-07-10 11:00:00,264.68,264.58,264.68,264.52,14600.0,3862827.0,20230710,264.68
002594.SZ,2023-07-10 10:59:00,264.73,264.68,264.73,264.6,8000.0,2117464.0,20230710,264.73
002594.SZ,2023-07-10 10:58:00,264.72,264.73,264.74,264.58,9800.0,2594160.0,20230710,264.57
002594.SZ,2023-07-10 10:57:00,264.72,264.57,264.92,264.57,19000.0,5030820.0,20230710,264.57
002594.SZ,2023-07-10 10:56:00,264.74,264.57,264.74,264.55,35900.0,9500998.0,20230710,264.77
002594.SZ,2023-07-10 10:55:00,264.45,264.77,264.77,264.43,15851.0,4194233.42,20230710,264.43
002594.SZ,2023-07-10 10:54:00,264.31,264.43,264.43,264.31,16400.0,4335639.0,20230710,264.32
002594.SZ,2023-07-10 10:53:00,264.14,264.32,264.33,264.12,14500.0,3831130.0,20230710,264.1
002594.SZ,2023-07-10 10:52:00,264.0,264.1,264.12,264.0,11000.0,2904741.0,20230710,264.0
002594.SZ,2023-07-10 10:51:00,264.16,264.0,264.22,264.0,12700.0,3354444.0,20230710,264.16
002594.SZ,2023-07-10 10:50:00,264.16,264.16,264.17,263.97,7500.0,1981073.0,20230710,264.16
002594.SZ,2023-07-10 10:49:00,263.92,264.16,264.22,263.85,21300.0,5623777.0,20230710,264.0
002594.SZ,2023-07-10 10:48:00,263.77,264.0,264.01,263.77,16100.0,4249332.0,20230710,263.88
002594.SZ,2023-07-10 10:47:00,263.47,263.88,263.88,263.47,10500.0,2768327.0,20230710,263.48
002594.SZ,2023-07-10 10:46:00,263.41,263.48,263.62,263.4,16000.0,4215352.0,20230710,263.43
002594.SZ,2023-07-10 10:45:00,263.3,263.43,263.43,263.3,21800.0,5741605.0,20230710,263.31
002594.SZ,2023-07-10 10:44:00,263.38,263.31,263.38,263.28,11300.0,2975596.0,20230710,263.41
002594.SZ,2023-07-10 10:43:00,263.6,263.41,263.63,263.41,34100.0,8986199.0,20230710,263.6
002594.SZ,2023-07-10 10:42:00,263.75,263.6,263.77,263.6,11600.0,3058967.0,20230710,263.75
002594.SZ,2023-07-10 10:41:00,263.81,263.75,263.87,263.75,20000.0,5276107.0,20230710,263.86
002594.SZ,2023-07-10 10:40:00,263.72,263.86,263.86,263.71,19400.0,5116871.0,20230710,263.73
002594.SZ,2023-07-10 10:39:00,263.66,263.73,263.76,263.65,19400.0,5115754.0,20230710,263.69
002594.SZ,2023-07-10 10:38:00,263.66,263.69,263.78,263.66,32500.0,8570225.0,20230710,263.65
002594.SZ,2023-07-10 10:37:00,263.28,263.65,263.66,263.25,28100.0,7404436.0,20230710,263.2
002594.SZ,2023-07-10 10:36:00,263.1,263.2,263.25,263.1,35900.0,9447525.0,20230710,263.13
002594.SZ,2023-07-10 10:35:00,263.1,263.13,263.13,263.0,98800.0,25989035.0,20230710,263.1
002594.SZ,2023-07-10 10:34:00,263.06,263.1,263.1,263.01,90628.0,23841084.68,20230710,263.11
002594.SZ,2023-07-10 10:33:00,263.68,263.11,263.69,263.09,76400.0,20125213.0,20230710,263.69
002594.SZ,2023-07-10 10:32:00,263.91,263.69,263.95,263.69,31200.0,8230849.0,20230710,263.95
002594.SZ,2023-07-10 10:31:00,264.41,263.95,264.41,263.85,163900.0,43284001.39,20230710,264.41
002594.SZ,2023-07-10 10:30:00,264.33,264.41,264.49,264.33,11200.0,2961708.0,20230710,264.33
002594.SZ,2023-07-10 10:29:00,264.21,264.33,264.44,264.21,15300.0,4043577.0,20230710,264.21
002594.SZ,2023-07-10 10:28:00,264.5,264.21,264.5,264.21,50200.0,13267828.0,20230710,264.45
002594.SZ,2023-07-10 10:27:00,264.4,264.45,264.56,264.4,28000.0,7406303.0,20230710,264.46
002594.SZ,2023-07-10 10:26:00,264.5,264.46,264.56,264.4,45616.0,12063299.68,20230710,264.56
002594.SZ,2023-07-10 10:25:00,264.5,264.56,264.62,264.5,30284.0,8011695.46,20230710,264.5
002594.SZ,2023-07-10 10:24:00,264.39,264.5,264.58,264.39,22700.0,6002529.22,20230710,264.4
002594.SZ,2023-07-10 10:23:00,264.39,264.4,264.4,264.35,28800.0,7613785.0,20230710,264.4
002594.SZ,2023-07-10 10:22:00,264.41,264.4,264.41,264.35,15900.0,4203631.0,20230710,264.38
002594.SZ,2023-07-10 10:21:00,264.27,264.38,264.52,264.24,27500.0,7269328.0,20230710,264.29
002594.SZ,2023-07-10 10:20:00,264.59,264.29,264.59,264.24,48100.0,12716768.0,20230710,264.55
002594.SZ,2023-07-10 10:19:00,264.33,264.55,264.59,264.32,22600.0,5976210.0,20230710,264.32
002594.SZ,2023-07-10 10:18:00,264.22,264.32,264.33,264.2,25100.0,6632443.0,20230710,264.2
002594.SZ,2023-07-10 10:17:00,264.58,264.2,264.6,264.18,89600.0,23693866.0,20230710,264.55
002594.SZ,2023-07-10 10:16:00,264.62,264.55,264.69,264.54,43400.0,11482826.0,20230710,264.62
002594.SZ,2023-07-10 10:15:00,264.73,264.62,264.89,264.52,79100.0,20938805.0,20230710,264.7
002594.SZ,2023-07-10 10:14:00,264.68,264.7,264.8,264.68,25700.0,6803600.0,20230710,264.69
002594.SZ,2023-07-10 10:13:00,264.62,264.69,264.75,264.62,34300.0,9078478.0,20230710,264.62
002594.SZ,2023-07-10 10:12:00,265.09,264.62,265.09,264.61,39100.0,10356508.0,20230710,265.0
002594.SZ,2023-07-10 10:11:00,265.06,265.0,265.2,264.87,22100.0,5858279.66,20230710,264.66
002594.SZ,2023-07-10 10:10:00,264.76,264.66,264.76,264.48,78000.0,20638774.0,20230710,264.83
002594.SZ,2023-07-10 10:09:00,265.08,264.83,265.2,264.83,46000.0,12190103.0,20230710,265.2
002594.SZ,2023-07-10 10:08:00,265.4,265.2,265.4,265.18,25300.0,6713056.0,20230710,265.31
002594.SZ,2023-07-10 10:07:00,265.3,265.31,265.75,265.21,57400.0,15242660.0,20230710,265.3
002594.SZ,2023-07-10 10:06:00,265.6,265.3,265.64,265.25,40300.0,10696821.67,20230710,265.6
002594.SZ,2023-07-10 10:05:00,265.01,265.6,265.66,264.91,40300.0,10684774.0,20230710,265.02
002594.SZ,2023-07-10 10:04:00,265.2,265.02,265.2,265.01,50600.0,13410668.0,20230710,265.01
002594.SZ,2023-07-10 10:03:00,265.78,265.01,265.78,264.86,63424.0,16818210.2,20230710,265.81
002594.SZ,2023-07-10 10:02:00,265.17,265.81,265.98,265.17,48176.0,12791504.4,20230710,265.15
002594.SZ,2023-07-10 10:01:00,265.09,265.15,265.22,265.0,79200.0,20992504.52,20230710,265.02
002594.SZ,2023-07-10 10:00:00,265.31,265.02,265.35,265.0,32600.0,8643897.0,20230710,265.0
002594.SZ,2023-07-10 09:59:00,264.8,265.0,265.35,264.7,47700.0,12642154.0,20230710,264.8
002594.SZ,2023-07-10 09:58:00,265.22,264.8,265.3,264.8,101400.0,26874363.0,20230710,265.21
002594.SZ,2023-07-10 09:57:00,265.22,265.21,265.3,265.2,31500.0,8354633.0,20230710,265.22
002594.SZ,2023-07-10 09:56:00,265.2,265.22,265.25,265.1,48600.0,12889477.0,20230710,265.21
002594.SZ,2023-07-10 09:55:00,265.66,265.21,265.66,265.18,57500.0,15261023.0,20230710,265.63
002594.SZ,2023-07-10 09:54:00,265.86,265.63,265.95,265.63,31900.0,8481007.0,20230710,265.95
002594.SZ,2023-07-10 09:53:00,266.07,265.95,266.1,265.91,31900.0,8485400.0,20230710,266.11
002594.SZ,2023-07-10 09:52:00,265.76,266.11,266.11,265.76,39400.0,10478152.0,20230710,265.73
002594.SZ,2023-07-10 09:51:00,265.99,265.73,265.99,265.38,92800.0,24662000.0,20230710,265.99
002594.SZ,2023-07-10 09:50:00,265.8,265.99,266.0,265.8,32400.0,8614468.0,20230710,265.8
002594.SZ,2023-07-10 09:49:00,266.35,265.8,266.35,265.76,51100.0,13592808.0,20230710,266.38
002594.SZ,2023-07-10 09:48:00,266.89,266.38,266.89,266.38,56900.0,15166509.0,20230710,266.89
002594.SZ,2023-07-10 09:47:00,266.59,266.89,266.89,266.46,33100.0,8825061.0,20230710,266.52
002594.SZ,2023-07-10 09:46:00,266.79,266.52,266.8,266.28,69300.0,18475729.0,20230710,266.76
002594.SZ,2023-07-10 09:45:00,267.81,266.76,267.81,266.7,76400.0,20410417.0,20230710,267.83
002594.SZ,2023-07-10 09:44:00,268.88,267.83,269.0,267.83,95800.0,25738459.0,20230710,268.79
002594.SZ,2023-07-10 09:43:00,268.23,268.79,268.79,268.23,76900.0,20650121.0,20230710,268.23
002594.SZ,2023-07-10 09:42:00,267.95,268.23,268.46,267.95,48400.0,12978864.0,20230710,268.06
002594.SZ,2023-07-10 09:41:00,268.06,268.06,268.15,268.0,32800.0,8791918.0,20230710,268.0
002594.SZ,2023-07-10 09:40:00,267.8,268.0,268.18,267.69,72800.0,19512293.0,20230710,268.01
002594.SZ,2023-07-10 09:39:00,267.94,268.01,268.23,267.94,61400.0,16462257.0,20230710,267.9
002594.SZ,2023-07-10 09:38:00,267.59,267.9,268.29,267.51,62500.0,16744810.0,20230710,267.68
002594.SZ,2023-07-10 09:37:00,268.5,267.68,268.5,267.6,59800.0,16026541.0,20230710,268.53
002594.SZ,2023-07-10 09:36:00,268.55,268.53,268.8,268.38,75200.0,20193534.0,20230710,268.6
002594.SZ,2023-07-10 09:35:00,269.22,268.6,269.22,268.6,95900.0,25794244.0,20230710,269.03
002594.SZ,2023-07-10 09:34:00,268.54,269.03,269.5,268.54,207800.0,55902380.0,20230710,268.37
002594.SZ,2023-07-10 09:33:00,267.83,268.37,268.51,267.83,122300.0,32803276.98,20230710,267.6
002594.SZ,2023-07-10 09:32:00,267.89,267.6,268.15,267.59,102200.0,27382240.0,20230710,267.88
002594.SZ,2023-07-10 09:31:00,267.26,267.88,268.25,267.12,137300.0,36737071.0,20230710,267.03
002594.SZ,2023-07-10 09:30:00,267.0,267.03,268.0,266.5,64600.0,17254830.0,20230710,
